id,first_name,last_name,email,gender,ip_address
1,Jocelyne,Kleiser,jkleiser0@stanford.edu,Agender,76.20.208.49
2,Zebedee,Skottle,zskottle1@ucoz.com,Male,169.46.196.144
3,Artemus,Ferrierio,aferrierio2@linkedin.com,Male,45.245.204.209
4,Whitney,Papierz,wpapierz3@ted.com,Female,123.13.217.38
5,Eduino,McShirie,emcshirie4@disqus.com,Male,173.7.86.87
6,Wit,Hovie,whovie5@smh.com.au,Male,249.126.226.36
7,Leena,Davis,ldavis6@mapquest.com,Agender,15.92.10.81
8,Nikki,Sola,nsola7@redcross.org,Female,125.31.90.241
9,Cherry,Isbell,cisbell8@indiegogo.com,Female,64.148.43.10
10,Charlot,Teresi,cteresi9@wikia.com,Female,221.117.26.27
11,Fern,Simkiss,fsimkissa@toplist.cz,Female,39.46.231.183
12,Drucy,Roma,dromab@npr.org,Female,6.22.205.29
13,Olin,Allery,oalleryc@yelp.com,Male,145.63.158.59
14,Sauveur,Ruddock,sruddockd@godaddy.com,Male,25.6.177.84
15,Charyl,Algeo,calgeoe@meetup.com,Female,146.95.245.230
16,Marylin,Hollier,mhollierf@lycos.com,Female,213.143.244.28
17,Mathilde,Bruyet,mbruyetg@intel.com,Female,65.122.37.36
18,Frederik,Bouchier,fbouchierh@unicef.org,Male,162.7.60.31
19,Amandie,Coils,acoilsi@mail.ru,Female,208.184.249.224
20,Lamond,Mulchrone,lmulchronej@360.cn,Male,63.250.191.99
21,Linnet,Beagles,lbeaglesk@mashable.com,Female,88.3.139.217
22,Else,Harkes,eharkesl@cmu.edu,Female,73.0.52.35
23,Venus,Orman,vormanm@mozilla.org,Agender,31.13.237.246
24,Rubin,Kerner,rkernern@arizona.edu,Male,141.183.98.166
25,Creighton,Imlock,cimlocko@imgur.com,Non-binary,114.104.80.71
26,Alyson,Road,aroadp@squidoo.com,Female,27.166.204.226
27,Joly,Flaherty,jflahertyq@is.gd,Female,157.230.161.213
28,Abby,Reams,areamsr@woothemes.com,Female,44.178.76.101
29,Yovonnda,Paolotto,ypaolottos@icq.com,Female,168.232.196.11
30,Dollie,Ragsdale,dragsdalet@pbs.org,Female,249.24.217.63
31,Bertrando,Giacobo,bgiacobou@mediafire.com,Male,7.5.96.237
32,Beau,Bunten,bbuntenv@jiathis.com,Genderqueer,61.101.165.110
33,Adrien,Hamel,ahamelw@cbsnews.com,Male,33.151.192.196
34,Doti,Darrington,ddarringtonx@noaa.gov,Female,100.114.87.112
35,Ninnette,But,nbuty@skype.com,Female,32.166.144.57
36,Gustave,Finley,gfinleyz@smugmug.com,Male,100.13.87.35
37,Fayth,Von Oertzen,fvonoertzen10@smugmug.com,Female,84.100.37.24
38,Brigham,Organ,borgan11@discuz.net,Male,137.172.215.78
39,Dolli,Barthrop,dbarthrop12@vk.com,Female,221.15.71.229
40,Alwyn,Beaze,abeaze13@howstuffworks.com,Male,241.11.85.72
41,Domenico,Kean,dkean14@microsoft.com,Male,187.14.235.196
42,Gavin,Millsap,gmillsap15@webs.com,Male,79.10.94.15
43,Freeman,Lifton,flifton16@unblog.fr,Male,252.16.222.17
44,Emmey,Piggrem,epiggrem17@cbslocal.com,Female,92.139.13.131
45,Callean,Gillies,cgillies18@google.ru,Male,232.198.230.128
46,Kenton,Haspineall,khaspineall19@spiegel.de,Male,0.25.163.159
47,Reese,Collelton,rcollelton1a@home.pl,Male,36.226.204.232
48,Lawry,Ibbeson,libbeson1b@exblog.jp,Male,245.164.82.144
49,Serena,Tremblay,stremblay1c@google.es,Female,98.222.172.115
50,Andie,Whaley,awhaley1d@indiegogo.com,Female,54.239.35.189
51,Lay,Beazer,lbeazer1e@wsj.com,Male,137.199.131.211
52,Tova,Peeters,tpeeters1f@digg.com,Female,19.22.84.182
53,Delaney,Spence,dspence1g@narod.ru,Male,30.117.226.145
54,Yorker,Monan,ymonan1h@indiatimes.com,Male,245.226.57.22
55,Shirlene,Boam,sboam1i@quantcast.com,Female,80.222.175.154
56,Mason,Coltart,mcoltart1j@liveinternet.ru,Male,23.50.4.136
57,Christabella,Walisiak,cwalisiak1k@epa.gov,Genderfluid,131.181.128.23
58,Demetris,Timothy,dtimothy1l@thetimes.co.uk,Female,167.169.22.213
59,Bary,Aloshkin,baloshkin1m@wikimedia.org,Male,202.100.161.80
60,Ervin,Senussi,esenussi1n@1688.com,Bigender,60.132.216.85
61,Fifine,Denk,fdenk1o@state.tx.us,Female,176.176.32.200
62,Lief,Larkby,llarkby1p@parallels.com,Male,153.236.165.180
63,Tobe,Gingell,tgingell1q@state.gov,Female,123.20.2.121
64,Violet,Buckett,vbuckett1r@google.fr,Female,236.50.55.102
65,Renae,Bison,rbison1s@meetup.com,Female,214.20.224.231
66,Drusy,Geraldo,dgeraldo1t@symantec.com,Female,241.141.238.37
67,Emmy,MacGinney,emacginney1u@1und1.de,Female,57.85.177.78
68,Claus,Hirtz,chirtz1v@biblegateway.com,Bigender,166.51.220.0
69,Chilton,Lockner,clockner1w@who.int,Male,60.72.194.68
70,Rikki,Sheehy,rsheehy1x@businessweek.com,Male,152.103.220.211
71,Byrle,Woodger,bwoodger1y@hubpages.com,Polygender,62.5.8.124
72,Israel,Amiable,iamiable1z@baidu.com,Male,117.239.69.67
73,Annemarie,Boddington,aboddington20@sitemeter.com,Female,13.47.133.7
74,Florentia,Slyde,fslyde21@reference.com,Female,15.68.207.248
75,Rodi,Simonsen,rsimonsen22@google.com.au,Female,5.143.14.238
76,Mathilde,Triebner,mtriebner23@discuz.net,Female,115.126.102.92
77,Daniela,O'Henecan,dohenecan24@linkedin.com,Polygender,143.188.104.252
78,Philippe,Pomery,ppomery25@livejournal.com,Female,135.213.72.228
79,Esmeralda,McCusker,emccusker26@parallels.com,Female,212.149.42.9
80,Rupert,Shird,rshird27@oracle.com,Male,230.138.34.223
81,Petronilla,Shyres,pshyres28@washington.edu,Female,167.207.222.170
82,Bern,Reilly,breilly29@google.com.br,Male,189.48.225.193
83,Donni,Kelwick,dkelwick2a@artisteer.com,Female,160.136.72.76
84,Charlean,Fairrie,cfairrie2b@google.pl,Female,9.158.204.10
85,Tam,Hawkey,thawkey2c@barnesandnoble.com,Male,244.0.223.27
86,Job,McBeath,jmcbeath2d@google.ca,Male,6.63.92.74
87,Marven,Edmons,medmons2e@gov.uk,Male,211.124.118.80
88,Adriana,Berk,aberk2f@berkeley.edu,Agender,213.223.190.218
89,Itch,Leverett,ileverett2g@huffingtonpost.com,Male,58.153.226.207
90,Lise,Lawland,llawland2h@geocities.com,Female,158.70.161.9
91,Barnett,Munnery,bmunnery2i@wisc.edu,Bigender,144.44.216.85
92,Leelah,Mattussevich,lmattussevich2j@technorati.com,Female,51.123.21.137
93,Kellia,Cumbes,kcumbes2k@yolasite.com,Female,143.14.178.12
94,Roseanna,Rawlyns,rrawlyns2l@hud.gov,Genderfluid,223.235.108.38
95,Simona,Wynett,swynett2m@google.it,Female,39.126.170.57
96,Ricoriki,Charte,rcharte2n@symantec.com,Male,84.246.38.42
97,Mahala,Petrovic,mpetrovic2o@histats.com,Agender,165.233.234.214
98,Jeno,Drynan,jdrynan2p@nih.gov,Male,107.125.94.56
99,Tristam,Elegood,telegood2q@flavors.me,Male,116.181.142.92
100,Gnni,Fetterplace,gfetterplace2r@bluehost.com,Polygender,82.79.132.158
101,Anatollo,Helkin,ahelkin2s@unicef.org,Male,231.116.228.53
102,Bibby,Ney,bney2t@fotki.com,Female,104.11.128.103
103,Nikolas,Munkley,nmunkley2u@etsy.com,Male,62.59.175.30
104,Britt,Fasson,bfasson2v@ftc.gov,Female,186.252.47.66
105,Nessy,Dalglish,ndalglish2w@a8.net,Female,190.111.171.205
106,Glyn,Clem,gclem2x@hc360.com,Female,225.178.59.12
107,Foster,Edmeads,fedmeads2y@irs.gov,Male,108.127.17.96
108,Falkner,Brick,fbrick2z@weather.com,Male,248.232.224.247
109,Matty,Van de Castele,mvandecastele30@ed.gov,Non-binary,154.142.246.196
110,Galvin,Zannutti,gzannutti31@goo.ne.jp,Male,58.224.69.93
111,Bonnee,Goldstraw,bgoldstraw32@cam.ac.uk,Female,48.144.38.221
112,Gabey,Shearme,gshearme33@istockphoto.com,Female,10.52.95.244
113,Emlynn,Reis,ereis34@nyu.edu,Female,39.190.115.211
114,Monty,Smurfitt,msmurfitt35@hugedomains.com,Male,154.36.201.230
115,Franny,Owbrick,fowbrick36@seattletimes.com,Female,177.170.115.100
116,Toddy,Sazio,tsazio37@ehow.com,Male,173.171.18.118
117,Pierre,Downes,pdownes38@chronoengine.com,Male,165.145.218.103
118,Julianna,Kearney,jkearney39@npr.org,Female,43.227.69.122
119,Dar,Leadbitter,dleadbitter3a@cmu.edu,Male,187.163.123.100
120,Duff,McCorkindale,dmccorkindale3b@flickr.com,Bigender,73.205.78.168
121,Piotr,MacLachlan,pmaclachlan3c@china.com.cn,Male,244.208.94.166
122,Lou,Drewry,ldrewry3d@g.co,Male,80.215.22.243
123,Prentiss,Langer,planger3e@mit.edu,Male,15.1.18.129
124,Willy,Coorington,wcoorington3f@cbsnews.com,Female,90.23.46.255
125,Mayer,Rowney,mrowney3g@phoca.cz,Male,252.20.111.71
126,Natalina,Yakebovitch,nyakebovitch3h@canalblog.com,Genderfluid,61.194.249.87
127,Bondon,Hessentaler,bhessentaler3i@phpbb.com,Male,126.141.203.152
128,Carmel,Birkby,cbirkby3j@ucoz.ru,Female,204.239.78.72
129,Marylee,Pohling,mpohling3k@dailymotion.com,Female,80.57.162.22
130,Linn,Alfonzo,lalfonzo3l@accuweather.com,Female,234.62.144.1
131,Lyda,Lancaster,llancaster3m@yolasite.com,Female,204.88.167.164
132,Diahann,Carluccio,dcarluccio3n@delicious.com,Female,161.19.124.174
133,Raymond,Morewood,rmorewood3o@istockphoto.com,Male,205.47.78.128
134,Brit,Harpur,bharpur3p@berkeley.edu,Male,184.252.21.82
135,Maximilianus,Arnaud,marnaud3q@nhs.uk,Male,235.158.70.6
136,Jack,Jerdan,jjerdan3r@army.mil,Male,1.158.144.145
137,Bartlet,Boyland,bboyland3s@istockphoto.com,Male,97.67.221.146
138,Ferdy,Giblin,fgiblin3t@sogou.com,Bigender,169.49.138.249
139,Tibold,Urion,turion3u@acquirethisname.com,Male,46.190.65.91
140,Mariette,Stallwood,mstallwood3v@privacy.gov.au,Female,7.80.254.254
141,Pepita,Pau,ppau3w@sourceforge.net,Female,37.201.158.102
142,Maurizio,Boothe,mboothe3x@e-recht24.de,Male,2.150.161.191
143,Dael,Swinyard,dswinyard3y@hc360.com,Male,135.102.29.91
144,Camille,Rudderham,crudderham3z@whitehouse.gov,Female,219.164.109.76
145,Mandi,Wenzel,mwenzel40@tinypic.com,Female,128.205.219.214
146,Dermot,Mulvenna,dmulvenna41@nps.gov,Male,228.79.193.110
147,Damon,Slessar,dslessar42@com.com,Male,73.165.67.0
148,Elysha,Deniset,edeniset43@cdc.gov,Female,113.143.144.82
149,Cosetta,Verriour,cverriour44@gizmodo.com,Female,24.35.213.86
150,Bertie,Postance,bpostance45@woothemes.com,Male,27.35.146.58
151,Darrick,Broadis,dbroadis46@boston.com,Male,122.87.248.61
152,Hester,Spruce,hspruce47@newyorker.com,Female,169.150.250.203
153,Gaylene,Gellert,ggellert48@kickstarter.com,Female,49.87.107.123
154,Garner,Behnke,gbehnke49@mail.ru,Male,84.115.215.31
155,Madelon,Metrick,mmetrick4a@ovh.net,Female,249.106.166.91
156,Miof mela,Buttrey,mbuttrey4b@hc360.com,Female,75.99.180.210
157,Sawyer,Martschke,smartschke4c@chicagotribune.com,Male,13.71.136.108
158,Ulises,Ewens,uewens4d@independent.co.uk,Male,199.8.56.241
159,Standford,Ackrill,sackrill4e@ihg.com,Male,158.134.193.70
160,Vidovic,Andell,vandell4f@ibm.com,Male,218.238.65.124
161,Ardeen,Bakes,abakes4g@ovh.net,Female,208.195.226.250
162,Ferdinanda,Bento,fbento4h@digg.com,Female,219.116.61.27
163,Prisca,Brunskill,pbrunskill4i@i2i.jp,Female,246.96.108.243
164,Serene,Jepson,sjepson4j@boston.com,Genderqueer,246.248.73.74
165,Kilian,Lichtfoth,klichtfoth4k@github.com,Male,224.14.109.62
166,Ola,Devigne,odevigne4l@hubpages.com,Female,89.250.223.255
167,Hank,Brideau,hbrideau4m@pen.io,Bigender,136.28.249.29
168,Henrik,Ambroise,hambroise4n@google.it,Male,198.88.8.37
169,Nestor,Gavahan,ngavahan4o@google.cn,Male,241.219.58.10
170,Clem,Sandyford,csandyford4p@technorati.com,Female,105.198.94.226
171,Agnese,Mantz,amantz4q@mapquest.com,Female,14.114.227.46
172,Washington,Lanceley,wlanceley4r@latimes.com,Male,80.219.71.146
173,Larisa,Trass,ltrass4s@hubpages.com,Female,142.133.198.39
174,Harp,Rapa,hrapa4t@skype.com,Male,121.229.162.171
175,Tull,Guilaem,tguilaem4u@umn.edu,Male,64.174.199.35
176,Lanny,Dragon,ldragon4v@over-blog.com,Female,184.118.14.212
177,Dael,Lidgett,dlidgett4w@narod.ru,Male,179.182.81.142
178,Earlie,Reekie,ereekie4x@taobao.com,Male,198.30.252.219
179,Brandea,Fearey,bfearey4y@tiny.cc,Female,89.138.205.57
180,Heath,Eayrs,heayrs4z@cargocollective.com,Male,177.110.71.245
181,Deanna,Denisard,ddenisard50@constantcontact.com,Female,61.63.10.42
182,Broddie,Trevaskus,btrevaskus51@zimbio.com,Bigender,48.170.242.15
183,Marley,Ings,mings52@sciencedaily.com,Female,190.207.29.138
184,Stafford,Scotson,sscotson53@cnn.com,Male,5.254.135.114
185,Rora,Mowsdill,rmowsdill54@cdbaby.com,Female,85.90.180.54
186,Alan,Shermore,ashermore55@forbes.com,Male,81.160.135.252
187,Chaunce,Phelp,cphelp56@sbwire.com,Male,9.152.177.7
188,Amitie,Damp,adamp57@howstuffworks.com,Female,172.241.129.121
189,Sander,Lougheed,slougheed58@nbcnews.com,Male,180.35.231.246
190,Win,Purchon,wpurchon59@yahoo.com,Male,131.40.61.130
191,Tiler,Cheyne,tcheyne5a@msn.com,Male,208.88.81.76
192,Morey,Forrest,mforrest5b@google.co.uk,Male,231.0.208.35
193,Roarke,Mostin,rmostin5c@miitbeian.gov.cn,Male,217.154.82.105
194,Selia,Ridulfo,sridulfo5d@wisc.edu,Female,132.0.2.145
195,Nicol,Royds,nroyds5e@usnews.com,Male,193.143.215.242
196,Remus,Statton,rstatton5f@wisc.edu,Male,174.17.25.199
197,Chauncey,Pickburn,cpickburn5g@hhs.gov,Male,79.172.144.147
198,Marcelia,Templman,mtemplman5h@who.int,Female,213.141.9.16
199,Ealasaid,Toon,etoon5i@paginegialle.it,Female,114.180.250.159
200,Roseann,Dowdell,rdowdell5j@feedburner.com,Female,82.245.131.116
201,Nevin,Merrgen,nmerrgen5k@dyndns.org,Male,183.157.67.78
202,Carilyn,Very,cvery5l@theglobeandmail.com,Female,155.133.190.176
203,Kania,Kryzhov,kkryzhov5m@dedecms.com,Female,52.41.79.251
204,Bruno,Kempson,bkempson5n@marriott.com,Male,238.221.50.34
205,Hester,McLugish,hmclugish5o@cnbc.com,Female,188.78.161.255
206,Blakeley,Synan,bsynan5p@ycombinator.com,Female,129.212.94.47
207,Esteban,Snaddin,esnaddin5q@about.me,Male,14.116.205.73
208,Selig,Bartolic,sbartolic5r@furl.net,Male,10.87.83.183
209,Gertrud,Doore,gdoore5s@cmu.edu,Genderqueer,32.249.65.87
210,Teodora,Guilliland,tguilliland5t@sun.com,Female,67.150.246.165
211,Dalton,Tocqueville,dtocqueville5u@technorati.com,Male,52.192.63.222
212,Konstantine,Calton,kcalton5v@meetup.com,Male,35.154.228.225
213,Brendis,Gorey,bgorey5w@freewebs.com,Male,19.106.185.120
214,Si,Davenhall,sdavenhall5x@auda.org.au,Male,144.20.63.248
215,Etti,Cavet,ecavet5y@tinyurl.com,Female,121.186.75.93
216,Lazare,Glasby,lglasby5z@dedecms.com,Male,39.175.226.39
217,Andie,Heaselgrave,aheaselgrave60@wiley.com,Bigender,41.154.160.4
218,Early,Boas,eboas61@independent.co.uk,Male,163.216.226.31
219,Tracy,Deschelle,tdeschelle62@ted.com,Male,223.124.108.216
220,Chad,Gewer,cgewer63@japanpost.jp,Male,209.53.23.131
221,Kristian,Drakes,kdrakes64@simplemachines.org,Male,30.18.195.235
222,Cathy,Shoemark,cshoemark65@shareasale.com,Non-binary,207.61.158.201
223,Danita,O' Mara,domara66@omniture.com,Female,190.241.10.236
224,Lilllie,Canet,lcanet67@sina.com.cn,Bigender,249.190.112.42
225,Florenza,Berrigan,fberrigan68@cbsnews.com,Female,192.117.154.32
226,Rusty,Mattessen,rmattessen69@blog.com,Male,171.91.101.178
227,Alard,Yole,ayole6a@simplemachines.org,Male,111.222.29.50
228,Joell,Venners,jvenners6b@usatoday.com,Female,13.227.212.133
229,Dacia,Pitblado,dpitblado6c@t.co,Female,57.138.234.78
230,Valencia,Simmans,vsimmans6d@sun.com,Non-binary,192.28.114.203
231,Umeko,Barnfather,ubarnfather6e@engadget.com,Female,249.148.106.172
232,Gunar,Chrystal,gchrystal6f@desdev.cn,Male,39.133.100.67
233,Ali,Lejeune,alejeune6g@kickstarter.com,Female,3.185.217.233
234,Helge,Klimsch,hklimsch6h@gov.uk,Female,154.195.181.23
235,Olly,Brownlee,obrownlee6i@cornell.edu,Female,250.19.153.112
236,Jazmin,Rosnau,jrosnau6j@scribd.com,Female,43.201.88.12
237,Frannie,Davis,fdavis6k@wisc.edu,Female,73.141.110.197
238,Reba,Simonato,rsimonato6l@guardian.co.uk,Female,227.6.66.210
239,Anthea,Pawling,apawling6m@shinystat.com,Female,6.217.213.124
240,Lorrie,Yellowley,lyellowley6n@google.com,Non-binary,136.190.211.172
241,Carri,Mellanby,cmellanby6o@dell.com,Female,239.26.205.35
242,Elfreda,Cossell,ecossell6p@rakuten.co.jp,Female,245.186.148.124
243,Kitti,Penddreth,kpenddreth6q@netvibes.com,Female,73.219.44.118
244,Sosanna,Thayre,sthayre6r@chronoengine.com,Female,21.107.204.30
245,Kaye,Spary,kspary6s@com.com,Female,226.45.207.173
246,Elroy,Ondracek,eondracek6t@cnn.com,Male,107.243.12.197
247,Jen,Goby,jgoby6u@nps.gov,Female,105.187.101.74
248,Greg,Peacey,gpeacey6v@creativecommons.org,Male,15.231.93.18
249,Linc,Verney,lverney6w@amazon.de,Polygender,116.2.188.118
250,Ilsa,Cronchey,icronchey6x@moonfruit.com,Female,31.62.181.197
251,Weidar,Ellacombe,wellacombe6y@wordpress.org,Male,198.10.135.244
252,Maximo,Stuart,mstuart6z@google.com.au,Non-binary,164.211.68.161
253,Leland,Bernth,lbernth70@admin.ch,Female,57.143.103.77
254,Marshall,Rolance,mrolance71@smugmug.com,Male,237.118.226.31
255,Gertrudis,Bilt,gbilt72@about.com,Female,46.118.41.82
256,Persis,Smewin,psmewin73@canalblog.com,Female,184.112.220.237
257,Jameson,Thornton,jthornton74@topsy.com,Male,214.38.216.31
258,Zack,Weldrake,zweldrake75@reuters.com,Male,161.92.243.158
259,Perice,Yearn,pyearn76@yahoo.com,Male,80.213.4.58
260,Gamaliel,Dennick,gdennick77@exblog.jp,Male,101.47.50.19
261,Wilhelm,Cersey,wcersey78@desdev.cn,Male,241.166.72.166
262,Hakim,Bridgwood,hbridgwood79@sciencedirect.com,Male,58.1.31.27
263,Tucker,Perceval,tperceval7a@nationalgeographic.com,Male,8.22.154.118
264,Merwyn,Hogbin,mhogbin7b@istockphoto.com,Male,135.27.212.4
265,Price,Westcot,pwestcot7c@vistaprint.com,Male,254.9.190.103
266,Fayina,Rubinsztein,frubinsztein7d@spiegel.de,Female,42.112.137.78
267,Raffarty,Upwood,rupwood7e@de.vu,Male,186.200.144.12
268,Ardine,Learmount,alearmount7f@apple.com,Female,145.104.83.43
269,Claudette,Shilton,cshilton7g@cdbaby.com,Female,193.250.238.139
270,Isis,Wyett,iwyett7h@posterous.com,Female,175.38.182.206
271,Cordelie,Brandts,cbrandts7i@vk.com,Female,25.24.97.196
272,Basile,Basketfield,bbasketfield7j@marriott.com,Male,32.88.79.80
273,Albert,Enright,aenright7k@rakuten.co.jp,Non-binary,78.125.165.89
274,Genvieve,Pester,gpester7l@newyorker.com,Female,247.243.207.3
275,Brodie,Rostron,brostron7m@answers.com,Male,227.162.99.194
276,Judon,Cattemull,jcattemull7n@e-recht24.de,Male,178.170.121.254
277,Hatty,MacShirie,hmacshirie7o@tamu.edu,Bigender,114.23.197.81
278,Emmalee,Astbery,eastbery7p@amazonaws.com,Female,221.152.17.7
279,Herschel,Ware,hware7q@dailymotion.com,Male,185.83.81.194
280,Jareb,Hayley,jhayley7r@intel.com,Male,32.176.20.202
281,Korry,Alston,kalston7s@nhs.uk,Female,102.191.63.65
282,Giulietta,Lomasney,glomasney7t@wikipedia.org,Female,198.113.101.22
283,Missie,Farra,mfarra7u@qq.com,Female,96.63.3.231
284,Gayle,Bazley,gbazley7v@hud.gov,Male,70.234.67.76
285,Gherardo,Hourigan,ghourigan7w@technorati.com,Male,54.22.127.134
286,Giulietta,Beasleigh,gbeasleigh7x@meetup.com,Bigender,189.76.168.142
287,Hermy,Hansmann,hhansmann7y@hc360.com,Male,193.98.250.70
288,Camel,Kermitt,ckermitt7z@i2i.jp,Female,73.65.181.246
289,Jorgan,Slocum,jslocum80@com.com,Male,71.250.94.33
290,Gabbie,Cavilla,gcavilla81@fda.gov,Female,36.120.65.17
291,Yoshiko,Lawrance,ylawrance82@gizmodo.com,Female,128.186.99.91
292,Tanya,Viall,tviall83@example.com,Female,49.75.51.31
293,Cole,Whiscard,cwhiscard84@prlog.org,Male,177.6.21.106
294,Curt,Francino,cfrancino85@reverbnation.com,Male,213.139.200.114
295,Amara,Gradly,agradly86@google.es,Female,157.65.103.131
296,Dexter,Krollmann,dkrollmann87@java.com,Male,137.15.26.142
297,Calv,McVeighty,cmcveighty88@tuttocitta.it,Genderfluid,191.172.211.85
298,Nelson,O'Dunneen,nodunneen89@stumbleupon.com,Male,7.57.24.8
299,Harriot,Rojel,hrojel8a@topsy.com,Female,67.93.198.229
300,Keane,Neame,kneame8b@ucsd.edu,Male,247.239.142.81
301,Ricoriki,Ambrogelli,rambrogelli8c@usda.gov,Male,71.14.15.19
302,Corella,Firle,cfirle8d@slideshare.net,Female,215.107.224.85
303,Hobard,Yve,hyve8e@fc2.com,Male,252.124.96.124
304,Laina,Pitkeathly,lpitkeathly8f@about.me,Female,64.83.206.41
305,Innis,Gable,igable8g@newsvine.com,Male,8.114.99.171
306,Gene,Morfey,gmorfey8h@ovh.net,Male,161.138.239.234
307,Hans,Warry,hwarry8i@ezinearticles.com,Male,79.170.195.97
308,Sid,Attow,sattow8j@scribd.com,Male,113.201.68.245
309,Jewell,Pickerin,jpickerin8k@sun.com,Female,176.215.132.140
310,Padgett,Parham,pparham8l@irs.gov,Male,39.122.236.101
311,Barbabas,Cowderay,bcowderay8m@gravatar.com,Male,242.30.158.108
312,Mag,Blewis,mblewis8n@sitemeter.com,Female,53.98.72.193
313,Remington,Cabane,rcabane8o@infoseek.co.jp,Male,222.196.186.139
314,Mallory,Rippin,mrippin8p@123-reg.co.uk,Male,6.184.140.199
315,Mackenzie,Diprose,mdiprose8q@cam.ac.uk,Male,71.88.32.56
316,Domini,Heyward,dheyward8r@ucla.edu,Female,165.14.204.231
317,Flori,Moodycliffe,fmoodycliffe8s@weather.com,Female,69.100.92.181
318,Loralie,Hubert,lhubert8t@hostgator.com,Female,251.41.241.192
319,Lenard,Fance,lfance8u@dropbox.com,Male,182.77.51.72
320,Hillyer,Songest,hsongest8v@redcross.org,Polygender,88.149.130.198
321,Cornie,Cantua,ccantua8w@tripadvisor.com,Female,191.132.181.143
322,Cleon,Fawthorpe,cfawthorpe8x@hostgator.com,Male,254.241.16.195
323,Eduard,Lettsom,elettsom8y@fastcompany.com,Male,225.62.85.49
324,Aloysius,Nunnerley,anunnerley8z@reverbnation.com,Male,97.2.231.44
325,Tiffani,Chavey,tchavey90@loc.gov,Genderfluid,178.97.253.132
326,Penrod,Camelli,pcamelli91@t.co,Male,220.127.222.240
327,Susi,Addicott,saddicott92@instagram.com,Female,54.104.55.196
328,Cathee,Camois,ccamois93@merriam-webster.com,Female,95.84.120.215
329,Isiahi,Huzzay,ihuzzay94@wufoo.com,Male,66.24.56.246
330,Barnie,Bessent,bbessent95@globo.com,Male,150.51.49.11
331,Darline,Blindermann,dblindermann96@hatena.ne.jp,Female,239.147.68.49
332,Vittoria,Thunders,vthunders97@fda.gov,Female,231.126.74.0
333,Betsey,Fetherstonhaugh,bfetherstonhaugh98@friendfeed.com,Female,208.53.206.188
334,Dominica,Lampke,dlampke99@washington.edu,Female,132.39.22.142
335,Samaria,Wolstenholme,swolstenholme9a@apache.org,Female,66.9.192.75
336,Billy,Morpeth,bmorpeth9b@cbc.ca,Male,250.28.40.186
337,Shaylyn,Goretti,sgoretti9c@apple.com,Female,221.236.91.83
338,Jocko,Ortet,jortet9d@yelp.com,Male,240.210.32.163
339,Lew,Verbruggen,lverbruggen9e@jigsy.com,Male,107.84.154.50
340,Valenka,Galfour,vgalfour9f@ox.ac.uk,Female,251.51.231.86
341,Carl,Heugel,cheugel9g@harvard.edu,Male,181.45.237.155
342,Erskine,Babe,ebabe9h@bloglines.com,Male,157.214.198.250
343,Aeriell,Arkil,aarkil9i@wix.com,Female,96.144.78.118
344,Aron,Wateridge,awateridge9j@studiopress.com,Male,53.47.134.255
345,Maximilianus,Aughtie,maughtie9k@deviantart.com,Male,93.103.187.244
346,Berti,Kirke,bkirke9l@fema.gov,Male,92.210.188.202
347,Cathee,Borleace,cborleace9m@youtu.be,Female,77.224.203.144
348,John,Stittle,jstittle9n@goodreads.com,Male,33.250.125.79
349,Bibbie,MacGall,bmacgall9o@nsw.gov.au,Female,107.122.170.193
350,Inger,Le Jean,ilejean9p@gravatar.com,Female,71.24.19.64
351,Raine,Weathers,rweathers9q@tmall.com,Female,31.212.241.185
352,Hashim,Topham,htopham9r@altervista.org,Male,235.6.175.142
353,Tiffany,MacWhirter,tmacwhirter9s@theglobeandmail.com,Female,101.212.211.134
354,Andris,Bigly,abigly9t@godaddy.com,Male,123.13.237.4
355,Meryl,Peery,mpeery9u@ucsd.edu,Male,61.144.111.146
356,Korie,Larkcum,klarkcum9v@sogou.com,Female,101.14.199.239
357,Zachariah,Trillow,ztrillow9w@so-net.ne.jp,Male,179.253.71.238
358,Dick,Gerraty,dgerraty9x@wikimedia.org,Male,36.243.226.205
359,Thatch,Doubrava,tdoubrava9y@google.ru,Male,226.155.1.44
360,Dario,Zincke,dzincke9z@gmpg.org,Male,12.122.100.102
361,Vasili,Maxted,vmaxteda0@meetup.com,Male,181.110.41.198
362,Lennie,Perkins,lperkinsa1@bbc.co.uk,Male,72.13.60.195
363,Agnes,Sermin,asermina2@comsenz.com,Female,34.16.123.203
364,Huntley,Piff,hpiffa3@japanpost.jp,Male,246.28.225.202
365,Darelle,Traynor,dtraynora4@jimdo.com,Female,161.105.15.125
366,Malorie,Lansdale,mlansdalea5@ed.gov,Female,45.180.128.0
367,Isidor,Pickring,ipickringa6@xinhuanet.com,Genderfluid,52.124.22.19
368,Caprice,Birchill,cbirchilla7@newyorker.com,Female,60.131.68.34
369,Barrett,Petrichat,bpetrichata8@weebly.com,Male,145.132.25.196
370,Helen,Canelas,hcanelasa9@webnode.com,Genderqueer,30.59.204.101
371,Christoffer,O'Hannay,cohannayaa@marketwatch.com,Male,121.6.255.104
372,Tanner,Moyser,tmoyserab@myspace.com,Male,220.125.246.107
373,Ettore,Lingard,elingardac@163.com,Male,95.226.62.32
374,Pacorro,Greer,pgreerad@baidu.com,Male,137.208.98.220
375,Rene,Duckerin,rduckerinae@macromedia.com,Male,235.29.182.107
376,Grata,Wreath,gwreathaf@accuweather.com,Female,106.6.21.228
377,Bailey,Aingel,baingelag@vinaora.com,Male,59.64.91.103
378,Adrianne,Westoff,awestoffah@360.cn,Female,208.7.214.213
379,Adi,Tripe,atripeai@bizjournals.com,Genderfluid,48.203.86.7
380,Marietta,MacPeice,mmacpeiceaj@miitbeian.gov.cn,Male,125.153.144.9
381,Alyss,Gillett,agillettak@mail.ru,Female,69.109.36.146
382,Donnie,Granham,dgranhamal@latimes.com,Female,154.164.81.216
383,Livia,Lombard,llombardam@imdb.com,Female,217.189.65.62
384,Darcy,Witherbed,dwitherbedan@yahoo.co.jp,Genderqueer,86.199.217.187
385,Rufus,Shillabeer,rshillabeerao@posterous.com,Male,123.218.224.172
386,Donalt,Knee,dkneeap@dion.ne.jp,Male,52.137.133.127
387,Sidonnie,Joney,sjoneyaq@wp.com,Female,220.41.226.196
388,Obie,Stetlye,ostetlyear@lulu.com,Genderfluid,152.24.110.197
389,Cori,Grafom,cgrafomas@xing.com,Male,254.165.246.4
390,Frannie,Cristofolini,fcristofoliniat@163.com,Female,54.126.126.1
391,Zak,Ennion,zennionau@eventbrite.com,Male,221.65.34.54
392,Perry,Rassmann,prassmannav@toplist.cz,Male,127.100.42.79
393,Kendell,Codrington,kcodringtonaw@ebay.com,Male,47.252.187.50
394,Randi,Fontelles,rfontellesax@etsy.com,Male,126.5.139.213
395,Mathew,Gouldsmith,mgouldsmithay@alibaba.com,Male,139.13.3.100
396,Jerri,Skeldinge,jskeldingeaz@fotki.com,Male,226.85.245.80
397,Feliks,Pugsley,fpugsleyb0@angelfire.com,Male,118.129.129.64
398,Delcina,Conti,dcontib1@telegraph.co.uk,Female,75.210.194.224
399,Tracee,Domleo,tdomleob2@unblog.fr,Female,89.118.102.97
400,Moore,Marunchak,mmarunchakb3@illinois.edu,Male,137.43.199.79
401,Loretta,Delacroix,ldelacroixb4@huffingtonpost.com,Female,247.90.118.212
402,Ernesta,Bessent,ebessentb5@hao123.com,Female,159.67.240.214
403,Lock,MacCague,lmaccagueb6@cam.ac.uk,Male,121.167.75.173
404,Jean,Livingston,jlivingstonb7@sina.com.cn,Male,147.218.68.156
405,Sheffy,Pithie,spithieb8@theglobeandmail.com,Male,148.188.199.29
406,Margarete,Buxam,mbuxamb9@themeforest.net,Female,184.184.172.137
407,Judd,Sabban,jsabbanba@whitehouse.gov,Male,177.56.149.68
408,Kendre,Westbury,kwestburybb@opera.com,Female,87.213.77.10
409,Ike,Redwin,iredwinbc@paginegialle.it,Male,58.34.173.207
410,Kurt,Cancellieri,kcancellieribd@symantec.com,Male,33.192.112.235
411,Luise,MacDermid,lmacdermidbe@etsy.com,Female,85.53.137.153
412,Franz,Sparshett,fsparshettbf@mozilla.org,Male,50.142.96.232
413,Darcie,Eschalotte,deschalottebg@msu.edu,Female,99.7.48.138
414,Errol,Gable,egablebh@w3.org,Male,202.64.9.145
415,Mallory,Tilford,mtilfordbi@paginegialle.it,Male,182.226.229.46
416,Gage,Durtnel,gdurtnelbj@networksolutions.com,Male,88.188.231.166
417,Broddy,Bulpitt,bbulpittbk@zimbio.com,Male,140.2.81.127
418,Amelina,Icom,aicombl@jimdo.com,Female,240.159.237.149
419,Niall,Belcham,nbelchambm@pbs.org,Male,85.166.10.215
420,Franchot,Joslin,fjoslinbn@histats.com,Male,64.225.102.133
421,Bealle,Stirland,bstirlandbo@jiathis.com,Male,211.121.232.128
422,Pammy,Luckett,pluckettbp@imdb.com,Female,44.113.76.73
423,Tucker,Nodin,tnodinbq@t-online.de,Male,137.159.87.155
424,Esme,Avarne,eavarnebr@lulu.com,Bigender,17.129.81.241
425,Rudyard,Vaux,rvauxbs@zdnet.com,Male,88.255.248.232
426,Hart,Rudiger,hrudigerbt@spiegel.de,Male,244.218.95.80
427,Ricoriki,Warke,rwarkebu@wordpress.com,Male,33.168.147.174
428,Cybill,Muzzi,cmuzzibv@google.nl,Female,153.62.137.252
429,Caspar,Cicculi,ccicculibw@booking.com,Male,66.30.127.50
430,Hersh,Lenin,hleninbx@fda.gov,Male,5.168.48.54
431,Orelle,Gayther,ogaytherby@instagram.com,Female,182.212.160.176
432,Henriette,Challace,hchallacebz@bloomberg.com,Non-binary,29.65.82.29
433,Maria,FitzAlan,mfitzalanc0@flickr.com,Agender,30.89.75.202
434,Jodie,Brazil,jbrazilc1@typepad.com,Female,146.82.96.209
435,Archaimbaud,Fetherstonhaugh,afetherstonhaughc2@opera.com,Male,211.17.221.231
436,Brendan,Sausman,bsausmanc3@hatena.ne.jp,Male,230.249.166.81
437,Raffarty,Proger,rprogerc4@google.com.au,Male,63.37.160.209
438,Artemas,Biaggiotti,abiaggiottic5@diigo.com,Male,244.130.109.245
439,Adam,Burgon,aburgonc6@cloudflare.com,Male,27.206.151.45
440,Mervin,Soreau,msoreauc7@oracle.com,Male,34.245.3.217
441,Alejandro,Bythell,abythellc8@360.cn,Male,182.164.94.128
442,Waylan,Kreber,wkreberc9@mayoclinic.com,Male,117.128.95.87
443,Cesar,Tow,ctowca@instagram.com,Genderfluid,211.144.42.163
444,Anett,Colqueran,acolquerancb@1und1.de,Female,171.199.4.41
445,Sasha,Odo,sodocc@ucsd.edu,Male,26.29.73.239
446,Seymour,Billsberry,sbillsberrycd@moonfruit.com,Male,179.130.12.32
447,Baxy,MacKellar,bmackellarce@bigcartel.com,Male,169.184.236.80
448,Bink,Gellier,bgelliercf@howstuffworks.com,Male,82.77.34.9
449,Livvie,Houseley,lhouseleycg@ucoz.ru,Female,38.49.218.87
450,Lisa,Guilloton,lguillotonch@geocities.jp,Female,218.42.191.131
451,Margi,Wallington,mwallingtonci@chronoengine.com,Female,157.75.153.249
452,Inga,Hoopper,ihooppercj@drupal.org,Female,37.82.194.33
453,Bianca,Enterlein,benterleinck@list-manage.com,Female,209.208.94.250
454,Hazlett,McKinlay,hmckinlaycl@fotki.com,Male,224.203.70.2
455,Cullin,Gagen,cgagencm@apple.com,Genderqueer,28.32.231.85
456,Mercy,Johanchon,mjohanchoncn@netlog.com,Agender,187.234.238.35
457,Tamra,McElvogue,tmcelvogueco@cnet.com,Female,184.76.235.122
458,Aurlie,Boays,aboayscp@eventbrite.com,Female,241.180.20.99
459,Manfred,Saynor,msaynorcq@cyberchimps.com,Male,212.40.240.91
460,Kelcey,Searle,ksearlecr@sourceforge.net,Female,161.78.229.178
461,Lenore,Garwill,lgarwillcs@arstechnica.com,Female,253.165.144.165
462,Crichton,Grent,cgrentct@clickbank.net,Male,183.5.146.125
463,Maynard,Megainey,mmegaineycu@va.gov,Male,189.240.156.197
464,Willis,Geraldi,wgeraldicv@cafepress.com,Male,38.211.57.160
465,Josy,Cartwight,jcartwightcw@dagondesign.com,Female,191.176.236.196
466,Desmond,Bingham,dbinghamcx@jigsy.com,Male,87.10.158.241
467,Rosabelle,Riddall,rriddallcy@addtoany.com,Female,64.196.11.110
468,Feliza,Wornum,fwornumcz@pcworld.com,Female,97.124.222.45
469,Allard,Frosdick,afrosdickd0@auda.org.au,Bigender,228.91.248.237
470,Dolli,Lente,dlented1@techcrunch.com,Female,232.124.174.47
471,Thoma,Stanfield,tstanfieldd2@delicious.com,Male,30.48.244.66
472,Ianthe,Chander,ichanderd3@quantcast.com,Female,42.85.94.201
473,Elihu,Biggar,ebiggard4@webmd.com,Male,118.252.125.68
474,Ashien,Fri,afrid5@cpanel.net,Female,33.230.36.134
475,Connie,Vedeshkin,cvedeshkind6@paypal.com,Male,0.168.149.10
476,Janina,Cleverley,jcleverleyd7@hhs.gov,Female,233.73.183.172
477,Dominique,Laux,dlauxd8@netlog.com,Female,28.101.163.205
478,Myrvyn,Broek,mbroekd9@jigsy.com,Male,137.140.57.179
479,Husain,La Wille,hlawilleda@adobe.com,Male,119.169.67.90
480,Vikki,Knight,vknightdb@dot.gov,Female,239.41.109.221
481,Rodi,Boadby,rboadbydc@msu.edu,Female,202.192.238.92
482,Darrell,Pods,dpodsdd@senate.gov,Male,162.170.16.144
483,Esdras,Molian,emoliande@wisc.edu,Male,140.188.175.176
484,Hetti,Cannings,hcanningsdf@vinaora.com,Female,72.173.25.33
485,Morley,Skelhorn,mskelhorndg@house.gov,Male,32.255.103.34
486,Romona,Jury,rjurydh@cornell.edu,Female,224.245.208.89
487,Holly,Firpi,hfirpidi@reuters.com,Male,220.212.141.157
488,Stanfield,Bulfoot,sbulfootdj@ifeng.com,Male,120.183.255.161
489,Nicolis,Torri,ntorridk@howstuffworks.com,Male,188.106.53.224
490,Vincenty,Hadrill,vhadrilldl@webnode.com,Male,238.61.80.172
491,Emlyn,Clougher,eclougherdm@issuu.com,Female,73.114.145.164
492,Shane,Philipp,sphilippdn@desdev.cn,Genderfluid,201.73.168.50
493,Elsinore,Grebner,egrebnerdo@list-manage.com,Female,68.177.73.129
494,Aldin,McCormack,amccormackdp@ebay.com,Male,130.84.47.78
495,Ingelbert,Hedylstone,ihedylstonedq@google.ru,Male,52.190.66.111
496,Arlin,Pywell,apywelldr@bigcartel.com,Male,81.161.163.255
497,Sly,Ofer,soferds@purevolume.com,Male,29.101.120.81
498,Gussi,Pugsley,gpugsleydt@yandex.ru,Female,184.191.70.27
499,Donny,Tipperton,dtippertondu@theglobeandmail.com,Male,250.18.144.129
500,Zach,Kleinholz,zkleinholzdv@smugmug.com,Male,181.107.36.52
501,Ware,Hovie,whoviedw@deliciousdays.com,Non-binary,187.221.107.80
502,Fredi,L'Archer,flarcherdx@infoseek.co.jp,Female,106.219.19.1
503,Ainslee,Alenikov,aalenikovdy@vinaora.com,Female,133.5.91.231
504,Lorne,Skym,lskymdz@mediafire.com,Female,192.39.183.54
505,Anne-marie,Blackader,ablackadere0@gravatar.com,Female,221.163.124.161
506,Worth,Hattam,whattame1@slate.com,Male,44.229.235.225
507,Tedie,Haycraft,thaycrafte2@ocn.ne.jp,Male,216.84.144.158
508,Binni,Tracey,btraceye3@jimdo.com,Female,12.200.186.229
509,Josee,Proudlock,jproudlocke4@vk.com,Female,255.133.147.218
510,Duncan,Paulucci,dpauluccie5@nsw.gov.au,Male,134.161.171.152
511,Clemmy,Ord,corde6@redcross.org,Male,20.3.34.88
512,Bibbie,Alleway,ballewaye7@wisc.edu,Female,202.38.225.112
513,Janaye,Deal,jdeale8@sourceforge.net,Female,236.228.159.153
514,Desmund,Cable,dcablee9@t-online.de,Male,16.191.85.126
515,Lemmie,Barnardo,lbarnardoea@goodreads.com,Male,253.180.63.34
516,Christyna,Kilgour,ckilgoureb@huffingtonpost.com,Female,5.94.181.172
517,Linette,Timeby,ltimebyec@w3.org,Female,135.124.213.42
518,Charyl,Shacklady,cshackladyed@taobao.com,Polygender,215.188.107.73
519,Robers,Goatman,rgoatmanee@si.edu,Male,194.18.166.195
520,Hazel,Girardetti,hgirardettief@theguardian.com,Male,181.89.17.134
521,Edik,Bemwell,ebemwelleg@dropbox.com,Male,60.164.245.129
522,Blair,Kesby,bkesbyeh@gmpg.org,Male,200.111.150.219
523,Aryn,Caesmans,acaesmansei@ameblo.jp,Female,139.221.125.4
524,Alene,Avrahamy,aavrahamyej@wikia.com,Genderqueer,214.69.211.33
525,Janessa,Keson,jkesonek@yolasite.com,Female,66.126.173.168
526,Lynnette,Geratt,lgerattel@ucsd.edu,Female,200.18.245.93
527,Zach,Hasson,zhassonem@simplemachines.org,Genderqueer,97.230.104.221
528,Melly,Alberts,malbertsen@utexas.edu,Female,90.79.191.6
529,Tresa,Cranton,tcrantoneo@nydailynews.com,Female,5.83.21.174
530,Codie,Scoggin,cscogginep@weebly.com,Male,230.81.167.221
531,Dudley,Calder,dcaldereq@cpanel.net,Male,129.195.156.181
532,Ekaterina,Franke,efrankeer@java.com,Female,196.120.143.236
533,Fraser,Hesser,fhesseres@hc360.com,Male,30.245.124.80
534,Alma,Magister,amagisteret@hp.com,Female,11.218.174.198
535,Del,Leemans,dleemanseu@sogou.com,Female,237.233.60.137
536,Kevina,Margiotta,kmargiottaev@addtoany.com,Female,55.100.128.55
537,Cherrita,Brecknock,cbrecknockew@chronoengine.com,Female,83.48.238.58
538,Linet,Claricoates,lclaricoatesex@so-net.ne.jp,Female,106.34.135.140
539,Chance,Crowest,ccrowestey@paginegialle.it,Male,72.183.219.49
540,Matilda,Culligan,mculliganez@buzzfeed.com,Non-binary,124.103.43.151
541,Burgess,Linde,blindef0@ftc.gov,Male,143.152.184.61
542,Fanny,Swett,fswettf1@berkeley.edu,Female,29.173.47.221
543,Ashley,Arlet,aarletf2@epa.gov,Female,213.211.104.169
544,Rab,Robeiro,rrobeirof3@dropbox.com,Male,21.117.89.230
545,Desiree,Chrstine,dchrstinef4@goo.ne.jp,Female,56.46.166.139
546,Jule,Roblin,jroblinf5@nymag.com,Male,226.50.214.125
547,Loni,Rutherford,lrutherfordf6@google.cn,Female,232.17.215.119
548,Axel,Pettman,apettmanf7@google.co.jp,Male,106.233.3.189
549,Gillian,Suter,gsuterf8@examiner.com,Female,187.57.16.52
550,Edythe,Pattinson,epattinsonf9@flavors.me,Female,128.186.34.255
551,Elvis,Fredy,efredyfa@wsj.com,Male,61.112.77.133
552,Paton,Mitchenson,pmitchensonfb@google.nl,Male,115.182.135.83
553,Ashby,Thewys,athewysfc@icq.com,Bigender,4.201.115.144
554,Anabelle,Zamudio,azamudiofd@webnode.com,Non-binary,68.173.76.211
555,Conni,Challicombe,cchallicombefe@merriam-webster.com,Female,167.63.68.69
556,Loella,Frenzel;,lfrenzelff@pbs.org,Bigender,94.30.195.93
557,Artie,Arlott,aarlottfg@miitbeian.gov.cn,Male,204.121.55.231
558,Leigh,Chantillon,lchantillonfh@time.com,Female,213.193.151.246
559,Taber,Jostan,tjostanfi@guardian.co.uk,Male,88.62.254.148
560,Roberta,Baigent,rbaigentfj@photobucket.com,Female,120.168.18.140
561,Pavia,Danjoie,pdanjoiefk@livejournal.com,Female,253.187.85.73
562,Hobey,Lyddiatt,hlyddiattfl@blogtalkradio.com,Male,178.164.135.107
563,Eustace,Bootyman,ebootymanfm@google.com.hk,Male,135.230.249.197
564,Dennie,Siaspinski,dsiaspinskifn@bbc.co.uk,Male,19.248.130.122
565,Zora,Hedworth,zhedworthfo@weibo.com,Female,123.142.155.46
566,Linn,Veracruysse,lveracruyssefp@ftc.gov,Female,218.127.14.18
567,Bartholomeus,Yukhin,byukhinfq@mediafire.com,Male,9.195.249.162
568,Ryun,Pitts,rpittsfr@blinklist.com,Male,117.240.164.201
569,Roxanna,Hinkes,rhinkesfs@soup.io,Female,24.68.18.237
570,Winfred,Ugo,wugoft@bloomberg.com,Male,172.147.237.175
571,Teador,Petran,tpetranfu@sakura.ne.jp,Male,2.143.30.206
572,Lizzy,Swett,lswettfv@rakuten.co.jp,Female,79.17.203.183
573,Ulrikaumeko,Menier,umenierfw@illinois.edu,Female,167.211.204.168
574,Josiah,Renard,jrenardfx@cornell.edu,Male,251.173.35.169
575,Sydney,Whybrow,swhybrowfy@census.gov,Female,76.80.112.183
576,Luis,Pebworth,lpebworthfz@sbwire.com,Male,94.23.94.240
577,Row,Brimilcome,rbrimilcomeg0@printfriendly.com,Female,86.54.53.237
578,Vitia,Jutson,vjutsong1@google.de,Female,211.91.199.191
579,Erroll,Van Leeuwen,evanleeuweng2@mayoclinic.com,Male,1.124.27.252
580,Reeva,Crown,rcrowng3@studiopress.com,Female,236.66.92.182
581,Brew,Breukelman,bbreukelmang4@macromedia.com,Male,99.247.91.228
582,Torin,Manwaring,tmanwaringg5@squidoo.com,Male,134.181.181.102
583,Talia,Kondratowicz,tkondratowiczg6@uiuc.edu,Female,123.176.133.164
584,Garnet,Catford,gcatfordg7@eepurl.com,Female,35.88.0.65
585,Laurence,Grzegorek,lgrzegorekg8@paypal.com,Male,148.118.84.230
586,Janessa,Pennone,jpennoneg9@w3.org,Female,254.52.121.211
587,Jessie,Adamsson,jadamssonga@homestead.com,Female,164.240.219.21
588,Ethelbert,Tunn,etunngb@army.mil,Male,249.63.10.66
589,Arlie,Ambrodi,aambrodigc@huffingtonpost.com,Female,157.212.80.179
590,Perla,Sedge,psedgegd@europa.eu,Female,241.132.231.200
591,Marlon,Faro,mfaroge@bloglines.com,Male,187.12.119.11
592,Quinta,d'Arcy,qdarcygf@furl.net,Female,147.21.253.145
593,Pollyanna,Reignard,preignardgg@harvard.edu,Female,117.110.92.117
594,Jocko,Cropton,jcroptongh@blinklist.com,Male,134.138.140.160
595,Blondy,Stranieri,bstranierigi@mozilla.org,Female,19.65.116.173
596,Sarina,Isaac,sisaacgj@digg.com,Female,122.129.249.129
597,Duncan,Klishin,dklishingk@digg.com,Male,86.101.0.83
598,Jade,Kidner,jkidnergl@craigslist.org,Female,187.124.216.198
599,Perren,Trippitt,ptrippittgm@skype.com,Male,74.220.244.99
600,Julianne,Ingham,jinghamgn@nsw.gov.au,Female,1.37.18.111
601,Hayley,Muccino,hmuccinogo@plala.or.jp,Female,233.74.217.156
602,Franny,Falkus,ffalkusgp@artisteer.com,Female,222.69.57.43
603,Barnaby,Fawdrie,bfawdriegq@elpais.com,Male,141.31.167.58
604,Ring,Oliveras,roliverasgr@facebook.com,Male,117.236.25.41
605,Alysa,Mapletoft,amapletoftgs@barnesandnoble.com,Non-binary,58.216.73.73
606,Iorgo,Robberecht,irobberechtgt@cdbaby.com,Male,142.17.125.87
607,Annamaria,Pickaver,apickavergu@rambler.ru,Female,215.227.136.29
608,Haywood,Colly,hcollygv@uiuc.edu,Male,158.116.21.108
609,Shandee,Mee,smeegw@cbsnews.com,Female,239.7.226.198
610,Dara,Sturte,dsturtegx@lycos.com,Female,153.176.4.18
611,Rich,Ridesdale,rridesdalegy@washingtonpost.com,Male,48.12.25.120
612,Tomlin,Wakenshaw,twakenshawgz@opera.com,Genderqueer,147.111.73.167
613,Cosme,Reason,creasonh0@apache.org,Male,206.3.9.11
614,Enoch,Adame,eadameh1@livejournal.com,Male,247.218.239.142
615,Tedman,Scrooby,tscroobyh2@facebook.com,Male,22.184.8.119
616,Valerye,Luther,vlutherh3@chicagotribune.com,Female,184.169.169.9
617,Katrinka,Alkins,kalkinsh4@bbb.org,Female,74.116.45.236
618,Aigneis,Bavester,abavesterh5@zdnet.com,Female,134.86.237.220
619,Galen,Brooks,gbrooksh6@dailymotion.com,Male,167.193.217.30
620,Dorise,Hymor,dhymorh7@kickstarter.com,Female,92.210.6.58
621,Valentine,Thomsson,vthomssonh8@nifty.com,Female,18.215.223.123
622,Micheil,Lambot,mlamboth9@dion.ne.jp,Male,139.8.94.195
623,Bald,Label,blabelha@sfgate.com,Male,203.103.104.66
624,Erik,Huntriss,ehuntrisshb@smh.com.au,Male,171.214.130.10
625,Walker,Lordon,wlordonhc@aol.com,Male,3.89.108.99
626,Ivy,Dysart,idysarthd@independent.co.uk,Female,68.31.127.25
627,Olly,Bleythin,obleythinhe@yolasite.com,Female,27.176.119.76
628,Karolina,Dymidowicz,kdymidowiczhf@walmart.com,Female,135.28.129.23
629,Berkley,Pullen,bpullenhg@toplist.cz,Male,170.96.50.72
630,Maurizio,Worstall,mworstallhh@illinois.edu,Male,249.45.19.97
631,Harvey,Ginnell,hginnellhi@cnet.com,Male,31.158.237.229
632,Wilek,Piddock,wpiddockhj@lycos.com,Bigender,196.51.33.41
633,Gloriana,Pett,gpetthk@reuters.com,Female,236.140.208.207
634,Catarina,Redbourn,credbournhl@alibaba.com,Female,11.34.46.176
635,Seymour,Bryns,sbrynshm@jiathis.com,Male,120.3.57.203
636,Vikki,Welton,vweltonhn@cbc.ca,Female,221.41.18.38
637,Damara,Rugg,druggho@nytimes.com,Bigender,36.183.57.175
638,Garwin,McLaughlan,gmclaughlanhp@amazon.de,Male,64.29.2.9
639,Jard,Gelland,jgellandhq@woothemes.com,Non-binary,167.248.22.9
640,Kin,Crack,kcrackhr@bravesites.com,Male,124.22.22.135
641,Tabbatha,Mayworth,tmayworthhs@home.pl,Female,84.130.14.43
642,Georgine,Reville,grevilleht@livejournal.com,Female,212.33.68.29
643,Happy,Blose,hblosehu@is.gd,Female,161.176.254.154
644,Siegfried,Bassett,sbassetthv@comcast.net,Male,83.45.246.202
645,Weider,Moulin,wmoulinhw@thetimes.co.uk,Male,99.163.21.196
646,Keene,Raitie,kraitiehx@seesaa.net,Male,13.170.68.52
647,Sianna,Conford,sconfordhy@alexa.com,Female,16.174.76.191
648,Mortimer,MacFarlan,mmacfarlanhz@sogou.com,Male,226.129.98.218
649,Dareen,Fawks,dfawksi0@ucsd.edu,Female,214.99.121.72
650,Fons,Slator,fslatori1@quantcast.com,Male,181.255.34.255
651,Mendie,McWhorter,mmcwhorteri2@vimeo.com,Male,42.91.219.31
652,Leonid,Borborough,lborboroughi3@ow.ly,Male,126.90.84.214
653,Darrel,Ferrey,dferreyi4@wikipedia.org,Male,40.75.200.227
654,Robbin,Budget,rbudgeti5@mapy.cz,Female,9.252.66.97
655,Shayne,McOrkil,smcorkili6@nifty.com,Male,193.188.76.50
656,Joelly,Ganter,jganteri7@japanpost.jp,Female,224.204.184.209
657,Angeli,Antunez,aantunezi8@nymag.com,Male,33.212.20.192
658,Ilyssa,Straun,istrauni9@taobao.com,Female,86.11.217.244
659,Claudie,Ortells,cortellsia@drupal.org,Female,167.88.37.30
660,Gare,Ward,gwardib@hatena.ne.jp,Male,107.152.98.44
661,Lorna,Bosket,lbosketic@reference.com,Female,135.28.215.19
662,Aretha,Laycock,alaycockid@engadget.com,Female,2.124.36.181
663,Malinda,Greaves,mgreavesie@paginegialle.it,Female,2.19.21.218
664,Patience,Blaze,pblazeif@dyndns.org,Female,125.104.161.182
665,Dasya,Oleszczak,doleszczakig@meetup.com,Female,64.57.240.67
666,Temple,Bourley,tbourleyih@dedecms.com,Male,103.250.112.98
667,Evangeline,McGuiness,emcguinessii@geocities.com,Female,227.211.102.37
668,Modestia,Gurton,mgurtonij@japanpost.jp,Female,123.34.246.120
669,Andy,Noweak,anoweakik@infoseek.co.jp,Female,81.115.213.51
670,Sibel,Winckworth,swinckworthil@amazon.com,Female,136.61.225.86
671,Clim,McWhorter,cmcwhorterim@posterous.com,Male,39.41.214.215
672,Spense,Black,sblackin@1und1.de,Male,44.167.143.92
673,Chris,Hadenton,chadentonio@tinyurl.com,Female,217.210.146.47
674,Ninette,McCafferky,nmccafferkyip@moonfruit.com,Female,166.94.242.25
675,Flory,Iredale,firedaleiq@cnn.com,Male,63.87.196.94
676,Umberto,Danielsson,udanielssonir@facebook.com,Male,242.118.206.57
677,Bart,Bamblett,bbamblettis@apache.org,Male,197.12.166.134
678,Garth,McCrossan,gmccrossanit@narod.ru,Male,182.1.243.231
679,Paolo,Roseman,prosemaniu@latimes.com,Male,92.19.202.173
680,Demetris,Philips,dphilipsiv@cnbc.com,Genderfluid,143.155.102.207
681,Janna,Clowton,jclowtoniw@themeforest.net,Female,91.172.181.135
682,Kylila,Setford,ksetfordix@woothemes.com,Female,43.171.81.87
683,Derick,Clutterham,dclutterhamiy@ox.ac.uk,Male,231.6.80.223
684,Abbie,Vedstra,avedstraiz@moonfruit.com,Male,29.75.123.216
685,Maison,Bennison,mbennisonj0@a8.net,Male,120.98.42.165
686,Cherish,Hynes,chynesj1@chron.com,Female,6.108.123.131
687,Abrahan,Rolance,arolancej2@baidu.com,Male,220.28.88.131
688,Berny,Craighead,bcraigheadj3@a8.net,Female,241.208.181.148
689,Jinny,Dumblton,jdumbltonj4@telegraph.co.uk,Agender,39.126.37.86
690,Germain,Winspear,gwinspearj5@ovh.net,Male,114.230.238.149
691,Grantley,D'Alessio,gdalessioj6@springer.com,Male,144.177.89.106
692,Finn,Corrington,fcorringtonj7@lycos.com,Male,108.142.32.236
693,Michel,Pietruszka,mpietruszkaj8@loc.gov,Female,216.118.103.250
694,Marleen,Sadat,msadatj9@baidu.com,Female,84.27.171.205
695,Garrott,Cuthbertson,gcuthbertsonja@blinklist.com,Male,11.236.166.63
696,Hermie,Sijmons,hsijmonsjb@discovery.com,Male,135.245.237.170
697,Beckie,Olorenshaw,bolorenshawjc@baidu.com,Female,207.125.11.160
698,Peter,Budik,pbudikjd@google.com.br,Male,20.124.174.121
699,Elden,Jarad,ejaradje@theatlantic.com,Male,206.194.5.181
700,Consalve,Bateup,cbateupjf@vistaprint.com,Male,141.253.189.182
701,Penny,Saunier,psaunierjg@artisteer.com,Male,80.202.9.214
702,Modestia,Leckenby,mleckenbyjh@dropbox.com,Female,231.105.74.138
703,Trixie,Sircomb,tsircombji@imgur.com,Female,214.40.54.94
704,Richie,Shepherd,rshepherdjj@godaddy.com,Male,26.87.22.35
705,Luther,Wimpress,lwimpressjk@springer.com,Male,193.47.16.254
706,Berkie,Mushet,bmushetjl@yellowbook.com,Male,68.66.98.225
707,Christa,Lambal,clambaljm@flickr.com,Female,186.14.143.3
708,Manya,Polin,mpolinjn@ycombinator.com,Female,28.143.157.133
709,Izak,Gremane,igremanejo@elegantthemes.com,Male,50.131.145.199
710,Prissie,Clipston,pclipstonjp@netvibes.com,Female,108.208.142.11
711,Stavro,Wynrehame,swynrehamejq@webmd.com,Male,122.16.255.54
712,Meryl,Forsaith,mforsaithjr@nbcnews.com,Male,8.12.110.185
713,Ulrick,Pegden,upegdenjs@hubpages.com,Male,117.103.202.175
714,Vonnie,Currie,vcurriejt@ebay.com,Genderqueer,118.174.198.179
715,Trace,Presser,tpresserju@hhs.gov,Non-binary,98.68.67.51
716,Gerti,Dahmel,gdahmeljv@dot.gov,Female,130.218.48.30
717,Thor,Wathell,twathelljw@chicagotribune.com,Male,180.176.119.126
718,Carley,Klimkowski,cklimkowskijx@google.fr,Agender,179.52.202.58
719,Burke,Boothman,bboothmanjy@yandex.ru,Male,192.100.79.95
720,Petronella,Saill,psailljz@spiegel.de,Non-binary,99.204.84.33
721,Trenna,Dorricott,tdorricottk0@digg.com,Female,80.189.243.76
722,Ethan,Jayme,ejaymek1@exblog.jp,Male,157.172.98.178
723,Lara,Praten,lpratenk2@google.es,Female,76.38.103.97
724,Jeanine,Scammell,jscammellk3@cpanel.net,Female,191.170.149.21
725,Marylynne,Le Prevost,mleprevostk4@hao123.com,Female,126.20.46.168
726,Sayre,Smorthit,ssmorthitk5@google.es,Male,101.56.153.86
727,Hiram,Finlayson,hfinlaysonk6@marketwatch.com,Male,98.59.79.48
728,Prentiss,Meric,pmerick7@time.com,Male,63.167.232.77
729,Peyton,Provis,pprovisk8@sohu.com,Male,100.172.181.28
730,Ara,Kamall,akamallk9@goodreads.com,Male,253.81.165.241
731,Reinald,Skeemor,rskeemorka@blogspot.com,Male,2.140.19.214
732,Killian,Stanney,kstanneykb@wikimedia.org,Male,90.246.118.94
733,Barn,Schulz,bschulzkc@rakuten.co.jp,Male,244.192.48.241
734,Caralie,Shuker,cshukerkd@phoca.cz,Female,64.181.177.161
735,Robyn,Iuorio,riuorioke@prlog.org,Female,110.40.246.19
736,Lonni,Wearne,lwearnekf@wp.com,Female,86.134.135.250
737,Yolane,Colisbe,ycolisbekg@biglobe.ne.jp,Female,196.124.243.73
738,Johannes,Attwell,jattwellkh@gnu.org,Male,35.161.93.106
739,Benny,Cestard,bcestardki@sfgate.com,Male,126.129.71.233
740,Biddy,Wigin,bwiginkj@ibm.com,Female,250.102.141.160
741,Jerrold,Lacasa,jlacasakk@zimbio.com,Male,65.82.134.93
742,Garrick,Bountiff,gbountiffkl@rediff.com,Non-binary,30.224.223.237
743,Arv,Lindenbaum,alindenbaumkm@whitehouse.gov,Male,53.210.106.192
744,Hilliard,Kingsnoad,hkingsnoadkn@bloglines.com,Male,177.130.78.192
745,Stacee,Paolinelli,spaolinelliko@psu.edu,Male,233.101.105.54
746,Hillard,Jurs,hjurskp@geocities.com,Male,220.156.1.82
747,Alyssa,Mullarkey,amullarkeykq@ebay.com,Female,31.118.137.57
748,Emory,Catonnet,ecatonnetkr@sciencedirect.com,Genderfluid,26.235.247.49
749,Suzanna,Wison,swisonks@mtv.com,Female,134.183.18.117
750,Cathrin,Impson,cimpsonkt@salon.com,Female,20.173.29.76
751,Dwain,Riep,driepku@printfriendly.com,Male,219.19.104.129
752,Annaliese,Tregaskis,atregaskiskv@bravesites.com,Female,71.202.215.246
753,Michel,Seide,mseidekw@illinois.edu,Male,222.178.123.42
754,Barby,Kochs,bkochskx@rakuten.co.jp,Female,14.166.47.232
755,Libby,Lie,llieky@imgur.com,Female,9.224.235.116
756,Lilias,Worsham,lworshamkz@flickr.com,Female,217.92.77.151
757,Ambrosi,Frazer,afrazerl0@hao123.com,Male,134.39.16.249
758,Mae,Hughs,mhughsl1@g.co,Female,235.182.54.30
759,Jobyna,Tordiffe,jtordiffel2@gravatar.com,Female,22.48.20.88
760,Barby,Gritskov,bgritskovl3@java.com,Female,210.14.48.46
761,Mano,MacFarlan,mmacfarlanl4@narod.ru,Genderfluid,160.7.107.43
762,Mavis,Touson,mtousonl5@ftc.gov,Female,69.11.96.219
763,Lambert,Poxon,lpoxonl6@blogtalkradio.com,Male,14.250.232.85
764,Don,Grigoryov,dgrigoryovl7@devhub.com,Male,52.183.190.133
765,Oralee,Simms,osimmsl8@statcounter.com,Female,60.234.43.217
766,Con,Roblett,croblettl9@mozilla.com,Female,188.77.142.43
767,Brynna,Kolakowski,bkolakowskila@acquirethisname.com,Female,129.79.139.131
768,Lonna,Pullen,lpullenlb@stumbleupon.com,Female,52.3.125.89
769,Rhett,Huddart,rhuddartlc@altervista.org,Genderfluid,123.93.97.128
770,Loralie,Popplewell,lpopplewellld@sitemeter.com,Female,80.70.32.145
771,Meade,Kullmann,mkullmannle@dailymail.co.uk,Female,203.223.118.98
772,Caz,Lebel,clebellf@indiegogo.com,Male,224.180.254.133
773,Shayla,Hannum,shannumlg@networksolutions.com,Female,226.100.124.165
774,Conney,Bompas,cbompaslh@yellowpages.com,Male,142.188.10.39
775,Wayne,Gotthard.sf,wgotthardsfli@people.com.cn,Male,42.77.125.14
776,Suellen,Pontin,spontinlj@google.com,Female,230.82.99.44
777,Tripp,Emig,temiglk@youku.com,Male,197.84.229.101
778,Annalee,Skippen,askippenll@wufoo.com,Female,193.16.125.212
779,Karylin,Flaws,kflawslm@typepad.com,Female,156.174.118.55
780,Darren,Melody,dmelodyln@cam.ac.uk,Male,217.237.163.83
781,Margaretha,Van Niekerk,mvanniekerklo@tumblr.com,Female,248.101.223.122
782,Dare,Skoggins,dskogginslp@about.me,Male,97.11.239.42
783,Poul,Ream,preamlq@ezinearticles.com,Male,4.127.246.132
784,Mickie,Leynham,mleynhamlr@hatena.ne.jp,Male,148.127.15.191
785,Burt,Gurge,bgurgels@bloglines.com,Male,182.241.255.228
786,Constantine,Sertin,csertinlt@google.co.uk,Female,30.172.30.148
787,Elroy,Bernardelli,ebernardellilu@newyorker.com,Male,35.22.88.219
788,Ginnie,Abreheart,gabreheartlv@imgur.com,Female,46.213.195.65
789,Jewel,Rizzotto,jrizzottolw@yellowbook.com,Female,12.166.97.48
790,Mario,Bredes,mbredeslx@dell.com,Male,116.40.34.174
791,Griffy,Jallin,gjallinly@nasa.gov,Male,143.86.87.247
792,Elianora,Goodlife,egoodlifelz@sohu.com,Female,127.61.87.40
793,Renaldo,Bortolomei,rbortolomeim0@mediafire.com,Bigender,219.7.67.19
794,Quinton,Alster,qalsterm1@4shared.com,Genderfluid,48.103.47.0
795,Devland,Lavallin,dlavallinm2@amazon.de,Male,144.220.71.149
796,Mitchel,Dicey,mdiceym3@drupal.org,Male,193.20.244.80
797,Tedmund,Shimoni,tshimonim4@taobao.com,Bigender,61.114.174.17
798,Darryl,Pea,dpeam5@bbc.co.uk,Male,153.222.58.159
799,Tresa,Hacard,thacardm6@opensource.org,Female,6.44.199.88
800,Jilly,Iohananof,jiohananofm7@hud.gov,Female,155.54.50.36
801,Hagen,Folley,hfolleym8@simplemachines.org,Male,169.111.184.27
802,Merv,Leversuch,mleversuchm9@ehow.com,Male,232.138.150.241
803,Homerus,State,hstatema@aboutads.info,Male,52.233.21.192
804,Roanna,McLeoid,rmcleoidmb@devhub.com,Female,68.224.174.238
805,Colas,Foggo,cfoggomc@army.mil,Male,244.166.50.216
806,Lanny,Huccaby,lhuccabymd@baidu.com,Female,3.255.154.2
807,Liane,Warstall,lwarstallme@ifeng.com,Genderqueer,65.115.249.97
808,Jena,Ebbitt,jebbittmf@unesco.org,Female,30.14.11.7
809,Jennette,Abells,jabellsmg@youku.com,Female,244.157.229.65
810,Neil,Clorley,nclorleymh@goodreads.com,Male,109.176.78.60
811,Tory,Gourlay,tgourlaymi@facebook.com,Female,4.90.24.39
812,Maryjane,Duns,mdunsmj@ucla.edu,Female,35.221.53.127
813,Evelin,Robbins,erobbinsmk@bandcamp.com,Male,60.237.101.51
814,Wendall,Blazej,wblazejml@mapy.cz,Male,110.103.71.200
815,Sid,Babbe,sbabbemm@skype.com,Male,48.225.135.235
816,Lazaro,Delamere,ldelameremn@mit.edu,Male,212.14.79.182
817,Harriot,Albers,halbersmo@nifty.com,Female,101.239.79.91
818,Kathryn,Sullens,ksullensmp@shop-pro.jp,Bigender,63.41.92.150
819,Evanne,Baffin,ebaffinmq@ted.com,Female,205.142.139.185
820,Herbert,Toffalo,htoffalomr@toplist.cz,Male,128.237.255.82
821,Andria,Savile,asavilems@hp.com,Female,183.252.243.167
822,Charmine,Dailey,cdaileymt@behance.net,Female,244.243.236.111
823,Edithe,Kittredge,ekittredgemu@baidu.com,Female,184.72.187.51
824,Paco,Carnegie,pcarnegiemv@unicef.org,Male,69.239.53.245
825,Dana,Stiffkins,dstiffkinsmw@drupal.org,Bigender,216.54.60.108
826,Elva,Chrystie,echrystiemx@ted.com,Female,138.193.151.183
827,Nissy,Klishin,nklishinmy@wufoo.com,Female,67.146.207.108
828,Karney,Kacheler,kkachelermz@shinystat.com,Male,46.198.59.136
829,Morgen,Philp,mphilpn0@taobao.com,Female,209.108.38.62
830,Lesley,Rowan,lrowann1@admin.ch,Female,79.124.40.189
831,Erik,Lynnitt,elynnittn2@zimbio.com,Male,173.182.156.128
832,Rayshell,Goakes,rgoakesn3@irs.gov,Female,5.149.145.33
833,Reinhard,Sachno,rsachnon4@forbes.com,Male,251.213.76.238
834,Riordan,Barnham,rbarnhamn5@mayoclinic.com,Male,95.17.38.162
835,Berny,Blunderfield,bblunderfieldn6@forbes.com,Female,218.185.166.96
836,Blinnie,Pillington,bpillingtonn7@xinhuanet.com,Female,204.207.237.109
837,Candide,Tendahl,ctendahln8@tumblr.com,Female,5.238.178.36
838,Ramsey,Duinbleton,rduinbletonn9@sun.com,Male,63.101.162.140
839,Alysia,Bentsen,abentsenna@disqus.com,Female,119.134.2.235
840,Nelle,O'Monahan,nomonahannb@wikimedia.org,Agender,45.120.137.80
841,Kali,Huck,khucknc@bizjournals.com,Female,38.30.149.190
842,Norine,Berrow,nberrownd@mayoclinic.com,Female,160.93.87.230
843,Zak,Kuhlmey,zkuhlmeyne@mediafire.com,Male,182.77.57.56
844,Neville,Bretherick,nbrethericknf@facebook.com,Male,157.149.46.217
845,Svend,Kubal,skubalng@eventbrite.com,Male,198.147.68.53
846,Ashely,Ianniello,aianniellonh@washington.edu,Female,192.68.22.134
847,Bettina,Berndtsson,bberndtssonni@hatena.ne.jp,Female,203.53.53.132
848,Lisa,Klesse,lklessenj@senate.gov,Female,133.252.158.172
849,Loydie,Yankin,lyankinnk@123-reg.co.uk,Male,251.153.113.8
850,Andres,Francescotti,afrancescottinl@mysql.com,Male,199.149.182.174
851,Basil,Wikey,bwikeynm@canalblog.com,Male,92.73.220.199
852,Francine,Foyle,ffoylenn@odnoklassniki.ru,Female,194.218.173.18
853,Ray,Overel,roverelno@addthis.com,Male,167.150.102.125
854,Steffane,Kleeman,skleemannp@wufoo.com,Female,235.16.171.163
855,Jacquetta,Bolingbroke,jbolingbrokenq@yellowbook.com,Female,14.205.172.72
856,Bess,How,bhownr@blogtalkradio.com,Female,197.122.13.160
857,Frayda,Gunby,fgunbyns@ebay.co.uk,Female,174.172.162.232
858,Sawyere,Pragnell,spragnellnt@last.fm,Male,73.5.136.5
859,Sarajane,Ianno,siannonu@youku.com,Female,188.39.18.26
860,Giovanni,Brookbank,gbrookbanknv@rediff.com,Male,39.245.180.85
861,Shaw,Sporton,ssportonnw@xrea.com,Male,77.35.36.60
862,Judy,Bougourd,jbougourdnx@disqus.com,Female,206.21.106.159
863,Fan,Hug,fhugny@google.com,Female,249.33.213.202
864,Janean,Arnhold,jarnholdnz@home.pl,Female,238.39.121.34
865,Eadmund,Kimbley,ekimbleyo0@salon.com,Male,3.146.119.18
866,Tasha,Alger,talgero1@yahoo.com,Female,151.52.95.136
867,Alvie,Drewell,adrewello2@google.co.jp,Male,59.29.157.251
868,Pris,Rippingall,prippingallo3@lulu.com,Female,200.209.61.160
869,Sheridan,Trousdell,strousdello4@nyu.edu,Male,230.174.120.4
870,Fanchette,Sushams,fsushamso5@va.gov,Female,27.164.123.39
871,Odele,Gullberg,ogullbergo6@behance.net,Female,157.0.218.211
872,Jordon,Brocklesby,jbrocklesbyo7@skype.com,Male,108.188.82.235
873,Andie,Corish,acorisho8@mit.edu,Male,14.253.157.42
874,Raquela,Bottleson,rbottlesono9@arizona.edu,Female,93.63.102.7
875,Ferdinanda,Reidshaw,freidshawoa@artisteer.com,Female,91.244.230.215
876,Anna,Jozwicki,ajozwickiob@cyberchimps.com,Female,223.186.242.177
877,Joice,Van Bruggen,jvanbruggenoc@netlog.com,Female,201.137.98.178
878,Ronica,Petran,rpetranod@cnbc.com,Female,60.136.209.206
879,Rodge,Kondratenya,rkondratenyaoe@reference.com,Male,76.194.78.146
880,Lizzie,Tadlow,ltadlowof@networkadvertising.org,Female,200.44.56.27
881,Danila,Horder,dhorderog@technorati.com,Female,159.43.18.94
882,Simone,Prine,sprineoh@hud.gov,Agender,133.124.228.199
883,Joshuah,Furniss,jfurnissoi@wufoo.com,Male,29.127.71.109
884,Ellswerth,Doody,edoodyoj@omniture.com,Male,215.86.249.122
885,Colin,Rodgier,crodgierok@wordpress.org,Male,92.199.101.150
886,Neddie,Mellish,nmellishol@uiuc.edu,Polygender,89.3.59.228
887,Quinlan,Akeherst,qakeherstom@bloglines.com,Male,17.249.11.199
888,Sybila,Havard,shavardon@canalblog.com,Female,97.200.137.228
889,Florie,Reddihough,freddihoughoo@wp.com,Female,51.225.202.228
890,Ginelle,Jacques,gjacquesop@virginia.edu,Female,84.27.239.73
891,Alexandro,Beushaw,abeushawoq@shinystat.com,Male,21.51.213.247
892,Carrol,Primarolo,cprimaroloor@ihg.com,Male,70.126.246.12
893,Corny,Ilem,cilemos@yellowpages.com,Female,95.249.191.106
894,Sasha,Fausch,sfauschot@economist.com,Male,135.168.197.147
895,Ogden,Corre,ocorreou@latimes.com,Polygender,143.241.142.185
896,Aldridge,Sellen,asellenov@virginia.edu,Male,141.0.224.165
897,Clio,Imms,cimmsow@adobe.com,Female,52.172.235.244
898,Lori,Gooderidge,lgooderidgeox@mozilla.com,Genderqueer,69.207.58.44
899,Leila,Upward,lupwardoy@taobao.com,Female,134.94.97.243
900,Elijah,Daine,edaineoz@msu.edu,Male,231.78.33.65
901,Roseline,O'Grogane,rogroganep0@php.net,Female,209.157.227.102
902,Abran,Haselhurst,ahaselhurstp1@blogspot.com,Male,18.115.155.237
903,Bili,Nowill,bnowillp2@plala.or.jp,Agender,114.58.49.15
904,Mady,Lightbourn,mlightbournp3@addtoany.com,Female,229.156.224.74
905,Leigha,Enocksson,lenockssonp4@pbs.org,Female,93.229.130.89
906,Delmer,Moran,dmoranp5@pagesperso-orange.fr,Male,66.189.35.220
907,Jackie,Kibble,jkibblep6@woothemes.com,Male,208.112.235.244
908,Morgan,Dunbleton,mdunbletonp7@forbes.com,Male,32.88.190.1
909,Sibylla,MacGregor,smacgregorp8@reference.com,Female,181.145.154.33
910,Candice,Colaco,ccolacop9@dailymotion.com,Female,100.124.172.124
911,Nina,Feenan,nfeenanpa@wired.com,Female,156.155.160.153
912,Benjy,Ownsworth,bownsworthpb@usgs.gov,Male,182.141.4.212
913,Herby,Clewarth,hclewarthpc@cpanel.net,Male,216.252.162.2
914,Kamillah,Aizic,kaizicpd@squarespace.com,Female,162.204.159.219
915,Flory,Rutty,fruttype@wix.com,Female,199.151.243.10
916,Ernestus,Lambin,elambinpf@aboutads.info,Male,114.53.201.126
917,Leonelle,Gawthrope,lgawthropepg@virginia.edu,Female,141.8.111.39
918,Wait,Saladin,wsaladinph@nasa.gov,Male,91.188.101.110
919,Rozele,Carme,rcarmepi@rambler.ru,Female,59.210.219.209
920,Albrecht,Scala,ascalapj@cnbc.com,Male,79.37.65.224
921,Francklin,Vobes,fvobespk@wp.com,Male,10.218.221.196
922,Dagny,Lidyard,dlidyardpl@pagesperso-orange.fr,Male,212.156.226.201
923,Derwin,Stead,dsteadpm@biglobe.ne.jp,Male,15.18.114.151
924,Hamish,Thayre,hthayrepn@dot.gov,Male,9.153.3.193
925,Kinsley,Faires,kfairespo@exblog.jp,Male,230.190.137.98
926,Frank,Shaw,fshawpp@last.fm,Male,213.126.152.137
927,Niki,Goddard,ngoddardpq@ovh.net,Male,216.160.234.250
928,Corina,Aldren,caldrenpr@nifty.com,Female,224.1.92.99
929,Filip,Rivlin,frivlinps@si.edu,Male,75.58.140.110
930,Sydelle,Lamperti,slampertipt@admin.ch,Female,97.172.90.124
931,Misha,Devin,mdevinpu@sun.com,Female,169.3.233.186
932,Trina,Varnham,tvarnhampv@gizmodo.com,Female,192.150.197.74
933,Shelby,Norgate,snorgatepw@fda.gov,Male,190.233.27.167
934,Millisent,Cready,mcreadypx@google.nl,Female,213.42.236.48
935,Tish,Giametti,tgiamettipy@statcounter.com,Female,222.188.236.38
936,Jason,Astling,jastlingpz@cisco.com,Male,166.92.90.56
937,Ogdon,Skoggins,oskogginsq0@goo.gl,Male,200.146.84.117
938,Rochell,Meagher,rmeagherq1@people.com.cn,Female,9.42.211.126
939,Ganny,Nardrup,gnardrupq2@360.cn,Agender,124.75.44.46
940,Ahmad,Blakebrough,ablakebroughq3@samsung.com,Male,231.1.70.191
941,Josiah,Monkeman,jmonkemanq4@friendfeed.com,Male,140.19.248.81
942,Jerald,Headan,jheadanq5@360.cn,Male,131.128.190.253
943,Corney,Hanhart,chanhartq6@hc360.com,Male,91.40.246.74
944,Tomaso,Leaning,tleaningq7@nydailynews.com,Male,51.213.226.154
945,Tailor,Gittus,tgittusq8@theatlantic.com,Male,28.244.245.172
946,Rosco,Alsobrook,ralsobrookq9@phoca.cz,Male,213.247.200.121
947,Ingaberg,Probate,iprobateqa@squidoo.com,Female,85.98.126.25
948,Alanna,Blencowe,ablencoweqb@diigo.com,Female,142.207.61.53
949,Christos,Craister,ccraisterqc@last.fm,Male,3.176.231.249
950,Ingrid,Rosita,irositaqd@ted.com,Genderfluid,151.215.63.116
951,Lazarus,Greasty,lgreastyqe@bloglovin.com,Male,31.119.22.145
952,Raymund,Gever,rgeverqf@vistaprint.com,Male,14.57.127.62
953,Myra,Gusney,mgusneyqg@lycos.com,Female,210.158.245.188
954,Evangeline,Dix,edixqh@nhs.uk,Female,147.199.255.68
955,Lyman,Anthoney,lanthoneyqi@blog.com,Male,238.239.102.210
956,Karmen,Crambie,kcrambieqj@telegraph.co.uk,Female,169.159.58.214
957,Herve,Chantillon,hchantillonqk@reverbnation.com,Male,57.125.119.206
958,Shawn,Simenet,ssimenetql@engadget.com,Male,85.28.151.238
959,Aviva,Lunam,alunamqm@whitehouse.gov,Female,157.215.83.97
960,Nehemiah,Fettiplace,nfettiplaceqn@seattletimes.com,Male,165.126.190.87
961,Maxine,Jestico,mjesticoqo@163.com,Female,47.101.37.35
962,Ira,Sandiford,isandifordqp@google.pl,Male,213.61.67.75
963,Ki,Grise,kgriseqq@hatena.ne.jp,Female,129.8.208.111
964,Michelle,Mongan,mmonganqr@constantcontact.com,Female,255.83.160.245
965,Sharron,Hockey,shockeyqs@virginia.edu,Female,7.99.253.206
966,Cathie,Burnall,cburnallqt@wufoo.com,Female,147.38.18.132
967,Edsel,Pfeffel,epfeffelqu@buzzfeed.com,Male,196.209.152.74
968,Menard,Pavolini,mpavoliniqv@netvibes.com,Male,37.130.253.64
969,Betsey,Gallahue,bgallahueqw@answers.com,Female,52.102.118.242
970,Shanan,Pittson,spittsonqx@rediff.com,Male,136.7.66.60
971,Solomon,Matterface,smatterfaceqy@cam.ac.uk,Male,144.227.48.162
972,Darryl,Nicely,dnicelyqz@goo.gl,Bigender,224.188.227.244
973,Lavinia,Filippello,lfilippellor0@ebay.com,Female,28.197.252.47
974,Rodi,Shirrell,rshirrellr1@sogou.com,Female,123.20.87.75
975,Flory,Tilte,ftilter2@slate.com,Non-binary,195.38.79.101
976,Gerti,Pigram,gpigramr3@imgur.com,Female,55.159.165.59
977,Roley,McMechan,rmcmechanr4@ebay.co.uk,Male,7.249.108.73
978,Bonnie,Fells,bfellsr5@gravatar.com,Female,195.243.230.195
979,Gisela,Fladgate,gfladgater6@cmu.edu,Female,214.59.121.113
980,Hector,McLenahan,hmclenahanr7@exblog.jp,Male,47.200.45.143
981,Hakim,Rustedge,hrustedger8@independent.co.uk,Male,197.7.191.49
982,Barbara,Isaacs,bisaacsr9@hao123.com,Bigender,186.209.57.16
983,Cally,Falcus,cfalcusra@telegraph.co.uk,Female,235.106.90.50
984,Hansiain,Heald,hhealdrb@blog.com,Male,194.117.115.89
985,Josh,Blanning,jblanningrc@howstuffworks.com,Male,74.133.62.222
986,El,Bayston,ebaystonrd@sphinn.com,Male,73.246.94.85
987,Scarlet,Favel,sfavelre@tiny.cc,Female,237.78.158.65
988,Debra,Kruse,dkruserf@gizmodo.com,Non-binary,76.79.120.111
989,Abra,Chopin,achopinrg@people.com.cn,Female,71.181.153.155
990,Tressa,Shoubridge,tshoubridgerh@mapquest.com,Female,82.234.92.79
991,Alexis,Butterick,abutterickri@mediafire.com,Female,32.79.78.69
992,Benedikta,Stokes,bstokesrj@microsoft.com,Female,50.139.76.81
993,Idaline,Muress,imuressrk@storify.com,Female,202.197.80.45
994,Weider,Kerner,wkernerrl@tripadvisor.com,Male,72.107.121.248
995,Valentia,Chessor,vchessorrm@cnbc.com,Female,157.233.155.6
996,Harrietta,Dauncey,hdaunceyrn@printfriendly.com,Female,116.149.220.75
997,Wiatt,Stollmeyer,wstollmeyerro@fotki.com,Agender,175.81.158.50
998,Granthem,Kobes,gkobesrp@bravesites.com,Male,60.203.237.75
999,Arie,Ygo,aygorq@bandcamp.com,Male,7.8.99.92
1000,Kailey,Nance,knancerr@admin.ch,Female,65.192.192.230
